,index,Speaker,Text,Domain-Intent,Rating 1,Rating 2,Rating 3,Rating 4,Rating 5,Domain,Intent,avg_rating,ConvID,turn_id,wt_avg_rating,satisfaction_rating,Intent Type,word_count
246,246,USER,Any Halal options?,,3.0,2.0,3.0,3.0,,,,2.75,10,10,2.709,Low,,3
307,307,SYSTEM,What's your price range?,Restaurant-Request,,,,,,Restaurant,Request,,13,5,,Medium,Request,4
345,345,SYSTEM,How about curry prince?,Restaurant-Recommend,,,,,,Restaurant,Recommend,,14,15,,Medium,Recommend,4
348,348,USER,Friday at 18:30 please,,3.0,3.0,3.0,,,,,3.0,14,18,3.0,Medium,,4
385,385,SYSTEM,154 chesterton road,Hotel-Inform,,,,,,Hotel,Inform,,15,25,,Medium,Inform,3
432,432,USER,How about Indian food?,Restaurant-Inform,3.0,5.0,3.0,,,Restaurant,Inform,3.67,18,2,3.667,High,Inform,4
504,504,USER,yes for the weekend,,3.0,3.0,3.0,,,,,3.0,21,4,3.0,Medium,,4
520,520,USER,I don't care.,,3.0,3.0,2.0,,,,,2.67,22,2,2.667,Low,,3
549,549,SYSTEM,Booked! Reference number: G6ORAH2J.,Booking-Book,,,,,,Booking,Book,,23,17,,Medium,Book,4
604,604,USER,North part of town,Restaurant-Inform,3.0,3.0,3.0,,,Restaurant,Inform,3.0,26,2,3.0,Medium,Inform,4
690,690,USER,I don't care,,1.0,3.0,3.0,,,,,2.33,30,20,2.333,Low,,3
716,716,USER,What would you recommend?,,3.0,3.0,3.0,,,,,3.0,31,16,3.0,Medium,,4
744,744,USER,book me 6 tickets.,Train-Inform,3.0,4.0,3.0,3.0,3.0,Train,Inform,3.2,32,14,3.286,Medium,Inform,4
746,746,USER,Book for Saturday please.,,3.0,4.0,3.0,3.0,3.0,,,3.2,32,16,3.286,Medium,,4
780,780,USER,Yes please try that.,,3.0,3.0,3.0,,,,,3.0,34,8,3.0,Medium,,4
788,788,USER,Does it allow children?,,3.0,3.0,3.0,,,,,3.0,34,16,3.0,Medium,,4
844,844,USER,Monday at 11:45 please.,Restaurant-Inform,3.0,3.0,3.0,,,Restaurant,Inform,3.0,36,20,3.0,Medium,Inform,4
908,908,USER,Do they accept AMEX?,,3.0,3.0,5.0,3.0,3.0,,,3.4,39,12,3.573,High,,4
916,916,USER,How about Portuguese food?,Restaurant-Inform,3.0,3.0,3.0,,,Restaurant,Inform,3.0,40,2,3.0,Medium,Inform,4
931,931,SYSTEM,TR8272 leaves at 05.00,Train-Inform,,,,,,Train,Inform,,41,1,,Medium,Inform,4
1002,1002,USER,Any in the south?,Attraction-Inform,3.0,5.0,3.0,3.0,,Attraction,Inform,3.5,44,2,3.582,High,Inform,4
1094,1094,USER,What is the postcode?,,3.0,3.0,3.0,,,,,3.0,48,2,3.0,Medium,,4
1106,1106,USER,That's everything I need.,,4.0,3.0,4.0,,,,,3.67,48,14,3.667,High,,4
1140,1140,USER,Right. Tuesday. Sorry.,Train-Inform,3.0,3.0,2.0,3.0,,Train,Inform,2.75,50,4,2.709,Low,Inform,3
1205,1205,SYSTEM,You're very welcome!,general-welcome,,,,,,general,welcome,,52,21,,Medium,welcome,3
1222,1222,USER,Do they allow children?,,3.0,3.0,5.0,3.0,,,,3.5,53,12,3.582,High,,4
1318,1318,USER,What's the entrance fee?,Attraction-Request,3.0,3.0,5.0,3.0,3.0,Attraction,Request,3.4,57,18,3.573,High,Request,4
1328,1328,USER,italian food willl do,Restaurant-Inform,3.0,3.0,3.0,,,Restaurant,Inform,3.0,58,4,3.0,Medium,Inform,4
1388,1388,USER,That sounds fine.,,4.0,4.0,4.0,,,,,4.0,60,14,4.0,High,,3
1446,1446,USER,Do they offer BYOB?,,3.0,3.0,3.0,,,,,3.0,62,6,3.0,Medium,,4
1450,1450,USER,What about outdoor seating?,,3.0,3.0,3.0,,,,,3.0,62,10,3.0,Medium,,4
1474,1474,USER,book for two,,3.0,3.0,3.0,,,,,3.0,63,18,3.0,Medium,,3
1484,1484,USER,Definitely cheap.,Restaurant-Inform,3.0,3.0,3.0,,,Restaurant,Inform,3.0,64,2,3.0,Medium,Inform,2
1560,1560,USER,I don't care.,,4.0,2.0,2.0,,,,,2.67,68,2,2.667,Low,,3
1570,1570,USER,Any live music?,,3.0,2.0,3.0,,,,,2.67,68,12,2.667,Low,,3
1573,1573,SYSTEM,They serve chinese food.,Restaurant-Inform,,,,,,Restaurant,Inform,,68,15,,Medium,Inform,4
1625,1625,SYSTEM,It is 17 minutes.,Train-Inform,,,,,,Train,Inform,,71,7,,Medium,Inform,4
1696,1696,USER,Indian sound good.,,3.0,3.0,3.0,3.0,,,,3.0,74,2,3.0,Medium,,3
1712,1712,USER,The restaurant please.,Restaurant-Inform,3.0,3.0,3.0,3.0,,Restaurant,Inform,3.0,74,18,3.0,Medium,Inform,3
1714,1714,USER,to the attraction,Attraction-Inform,3.0,3.0,3.0,4.0,,Attraction,Inform,3.25,74,20,3.126,Medium,Inform,3
1770,1770,USER,Yes please. Book that.,,3.0,3.0,3.0,3.0,,,,3.0,76,16,3.0,Medium,,4
1887,1887,SYSTEM,it's a guesthouse actually,Hotel-Inform,,,,,,Hotel,Inform,,80,33,,Medium,Inform,4
1888,1888,USER,That sounds perfect.,,3.0,5.0,5.0,,,,,4.33,80,34,4.333,High,,3
1937,1937,SYSTEM,How many people?,Booking-Request,,,,,,Booking,Request,,82,23,,Medium,Request,3
2034,2034,USER,No. What is available?,,3.0,3.0,3.0,,,,,3.0,86,12,3.0,Medium,,4
2186,2186,USER,I don't care.,,2.0,3.0,2.0,2.0,,,,2.25,93,4,2.291,Low,,3
2333,2333,SYSTEM,It takes 51minutes.,Train-Inform,,,,,,Train,Inform,,99,13,,Medium,Inform,3
2348,2348,USER,How about korean food?,Restaurant-Inform,3.0,3.0,3.0,,,Restaurant,Inform,3.0,100,2,3.0,Medium,Inform,4
2420,2420,USER,Okay what is it?,,3.0,4.0,3.0,,,,,3.33,103,6,3.333,High,,4
2456,2456,USER,"Sure, I guess so.",,3.0,3.0,3.0,,,,,3.0,105,2,3.0,Medium,,4
2514,2514,USER,Arrive by 11:30.,Train-Inform,3.0,3.0,2.0,3.0,,Train,Inform,2.75,107,4,2.709,Low,Inform,3
2627,2627,SYSTEM,sure its 01223364222,Taxi-Inform,,,,,,Taxi,Inform,,111,19,,Medium,Inform,3
2677,2677,SYSTEM,For what time please?,Booking-Request,,,,,,Booking,Request,,114,5,,Medium,Request,4
2688,2688,USER,Is outdoor seating available?,,3.0,3.0,3.0,,,,,3.0,114,16,3.0,Medium,,4
2698,2698,USER,Is that a gastropub?,Restaurant-Inform,3.0,4.0,3.0,3.0,,Restaurant,Inform,3.25,115,2,3.291,High,Inform,4
2826,2826,USER,Area does not matter.,,3.0,3.0,3.0,,,,,3.0,120,2,3.0,Medium,,4
2831,2831,SYSTEM,Okay. Let us know.,,,,,,,,,,120,7,,Medium,,4
2862,2862,USER,On Thursday please.,Restaurant-Inform,3.0,2.0,3.0,3.0,,Restaurant,Inform,2.75,122,2,2.709,Low,Inform,3
2876,2876,USER,How about 20:00 instead?,Restaurant-Inform,3.0,3.0,3.0,2.0,,Restaurant,Inform,2.75,122,16,2.874,Medium,Inform,4
2912,2912,USER,Is this a guesthouse?,,3.0,3.0,3.0,,,,,3.0,124,2,3.0,Medium,,4
2936,2936,USER,I prefer the north.,Hotel-Inform,3.0,3.0,3.0,,,Hotel,Inform,3.0,125,2,3.0,Medium,Inform,4
2957,2957,SYSTEM,sure it is 01223902091,Hotel-Inform,,,,,,Hotel,Inform,,125,23,,Medium,Inform,4
3018,3018,USER,Is that a guesthouse?,,3.0,3.0,5.0,3.0,,,,3.5,129,2,3.582,High,,4
3040,3040,USER,"Friday, 17:45.",Restaurant-Inform,3.0,3.0,5.0,3.0,,Restaurant,Inform,3.5,129,24,3.582,High,Inform,2
3061,3061,SYSTEM,The bedouin is expensive.,Restaurant-Inform,,,,,,Restaurant,Inform,,130,17,,Medium,Inform,4
3229,3229,SYSTEM,we have a variety,Attraction-Inform,,,,,,Attraction,Inform,,137,25,,Medium,Inform,4
3266,3266,USER,"Nope, that's it.",,3.0,3.0,3.0,,,,,3.0,138,28,3.0,Medium,,3
3320,3320,USER,"No, it doesn't matter.",Restaurant-Inform,3.0,3.0,2.0,,,Restaurant,Inform,2.67,141,16,2.667,Low,Inform,4
3410,3410,USER,How about 18:00?,Restaurant-Inform,3.0,3.0,2.0,,,Restaurant,Inform,2.67,145,10,2.667,Low,Inform,3
3433,3433,SYSTEM,It arrives at 06:43.,Train-Inform,,,,,,Train,Inform,,146,15,,Medium,Inform,4
3464,3464,USER,"You're welcome. You, too.",,4.0,3.0,3.0,,,,,3.33,147,20,3.333,High,,4
3482,3482,USER,Don't care.,Restaurant-Inform,3.0,3.0,3.0,3.0,,Restaurant,Inform,3.0,149,2,3.0,Medium,Inform,2
3507,3507,SYSTEM,How about clowns cafe?,Restaurant-Recommend,,,,,,Restaurant,Recommend,,150,9,,Medium,Recommend,4
3522,3522,USER,I don't care.,,3.0,3.0,2.0,3.0,,,,2.75,151,2,2.709,Low,,3
3596,3596,USER,I don't care.,,3.0,3.0,2.0,,,,,2.67,154,4,2.667,Low,,3
3766,3766,USER,no. give me recommendation.,,3.0,3.0,3.0,2.0,,,,2.75,162,4,2.874,Medium,,4
3771,3771,SYSTEM,It is moderately priced.,Hotel-Inform,,,,,,Hotel,Inform,,162,9,,Medium,Inform,4
3782,3782,USER,are kids allowed there?,,4.0,3.0,4.0,3.0,,,,3.5,162,20,3.582,High,,4
3785,3785,SYSTEM,you are welcome,general-welcome,,,,,,general,welcome,,162,23,,Medium,welcome,3
3800,3800,USER,Is there room service?,,3.0,3.0,3.0,,,,,3.0,163,12,3.0,Medium,,4
3822,3822,USER,Any type will do.,Attraction-Request,4.0,3.0,3.0,,,Attraction,Request,3.33,164,12,3.333,High,Request,4
3828,3828,USER,"No, that's all.",,3.0,3.0,4.0,,,,,3.33,164,18,3.333,High,,3
3898,3898,USER,"Yes, please.",,3.0,3.0,3.0,,,,,3.0,168,14,3.0,Medium,,2
3904,3904,USER,How about 18:00?,Restaurant-Inform,3.0,3.0,3.0,,,Restaurant,Inform,3.0,168,20,3.0,Medium,Inform,3
3918,3918,USER,"Yes, that sounds perfect.",,4.0,3.0,4.0,,,,,3.67,169,2,3.667,High,,4
3922,3922,USER,is there outdoor seating?,,3.0,4.0,3.0,,,,,3.33,169,6,3.333,High,,4
3926,3926,USER,Also on Thursday.,Train-Inform,3.0,4.0,3.0,,,Train,Inform,3.33,169,10,3.333,High,Inform,3
4004,4004,USER,Something expensive please.,,3.0,3.0,3.0,,,,,3.0,172,6,3.0,Medium,,3
4010,4010,USER,Do they serve alcohol?,,3.0,3.0,3.0,,,,,3.0,172,12,3.0,Medium,,4
4052,4052,USER,Is that place cheap?,,3.0,3.0,3.0,,,,,3.0,174,6,3.0,Medium,,4
4085,4085,SYSTEM,"Alright, departure and destination?",Train-Request,,,,,,Train,Request,,176,7,,Medium,Request,4
4112,4112,USER,"Sunday as well, please.",Train-Inform,3.0,3.0,3.0,,,Train,Inform,3.0,177,14,3.0,Medium,Inform,4
4152,4152,USER,Try for one day.,Hotel-Inform,2.0,2.0,3.0,,,Hotel,Inform,2.33,178,30,2.333,Low,Inform,4
4237,4237,SYSTEM,on the same area?,Restaurant-Request,,,,,,Restaurant,Request,,181,31,,Medium,Request,4
4358,4358,USER,How about for Sunday?,Hotel-Inform,2.0,2.0,3.0,3.0,,Hotel,Inform,2.5,187,6,2.418,Low,Inform,4
4372,4372,USER,how about chinese?,Restaurant-Inform,3.0,3.0,3.0,3.0,,Restaurant,Inform,3.0,188,2,3.0,Medium,Inform,3
4381,4381,SYSTEM,They serve chinese food.,Restaurant-Inform,,,,,,Restaurant,Inform,,188,11,,Medium,Inform,4
4444,4444,USER,Take your time.,,4.0,3.0,3.0,3.0,,,,3.25,191,16,3.291,High,,3
4446,4446,USER,From the gastropub,Taxi-Inform,3.0,3.0,3.0,3.0,,Taxi,Inform,3.0,191,18,3.0,Medium,Inform,3
4488,4488,USER,How about Chinese food?,Restaurant-Inform,3.0,3.0,3.0,,,Restaurant,Inform,3.0,193,6,3.0,Medium,Inform,4
4534,4534,USER,I don't care.,,2.0,3.0,2.0,,,,,2.33,195,2,2.333,Low,,3
4576,4576,USER,any range is fine.,Restaurant-Inform,3.0,3.0,3.0,,,Restaurant,Inform,3.0,197,4,3.0,Medium,Inform,4
4582,4582,USER,Do they also deliver?,,4.0,3.0,3.0,,,,,3.33,197,10,3.333,High,,4
4712,4712,USER,I need the address,Attraction-Request,3.0,3.0,3.0,,,Attraction,Request,3.0,202,10,3.0,Medium,Request,4
4716,4716,USER,We like european food.,Restaurant-Inform,3.0,3.0,3.0,,,Restaurant,Inform,3.0,202,14,3.0,Medium,Inform,4
4734,4734,USER,"Yes, Romanian please.",Restaurant-Inform,3.0,4.0,3.0,3.0,,Restaurant,Inform,3.25,203,2,3.291,High,Inform,3
4736,4736,USER,I guess try European.,Restaurant-Inform,2.0,3.0,3.0,3.0,,Restaurant,Inform,2.75,203,4,2.709,Low,Inform,4
4742,4742,USER,How about at 16:45?,Restaurant-Inform,2.0,3.0,3.0,3.0,,Restaurant,Inform,2.75,203,10,2.709,Low,Inform,4
4746,4746,USER,"Hmm, yes. Someplace expensive.",Hotel-Inform,3.0,4.0,3.0,3.0,,Hotel,Inform,3.25,203,14,3.291,High,Inform,4
4814,4814,USER,Do they have internet?,Hotel-Request,3.0,3.0,3.0,,,Hotel,Request,3.0,206,8,3.0,Medium,Request,4
4831,4831,SYSTEM,Does location matter?,Restaurant-Request,,,,,,Restaurant,Request,,207,1,,Medium,Request,3
4844,4844,USER,what their postcode?,Restaurant-Request,3.0,3.0,3.0,,,Restaurant,Request,3.0,207,14,3.0,Medium,Request,3
4886,4886,USER,How about gastropub?,Restaurant-Inform,3.0,3.0,3.0,3.0,,Restaurant,Inform,3.0,210,2,3.0,Medium,Inform,3
4888,4888,USER,I do not care,Restaurant-Inform,3.0,2.0,3.0,3.0,,Restaurant,Inform,2.75,210,4,2.709,Low,Inform,4
4932,4932,USER,I don't care,,3.0,3.0,3.0,,,,,3.0,212,2,3.0,Medium,,3
4948,4948,USER,I don't care.,,2.0,3.0,3.0,,,,,2.67,213,2,2.667,Low,,3
5090,5090,USER,Just for myself.,Train-Inform,3.0,3.0,4.0,3.0,,Train,Inform,3.25,219,20,3.291,High,Inform,3
5103,5103,SYSTEM,For how many people?,Train-Request,,,,,,Train,Request,,220,7,,Medium,Request,4
5168,5168,USER,From the hotel discussed.,Hotel-Inform,3.0,3.0,2.0,3.0,3.0,Hotel,Inform,2.8,222,28,2.714,Medium,Inform,4
5206,5206,USER,Yes alright then.,,3.0,3.0,3.0,3.0,,,,3.0,224,12,3.0,Medium,,3
5374,5374,USER,How about Indian food?,Restaurant-Inform,2.0,3.0,3.0,2.0,,Restaurant,Inform,2.5,231,8,2.582,Low,Inform,4
5410,5410,USER,"No, I am not.",,3.0,2.0,3.0,2.0,,,,2.5,233,6,2.582,Low,,4
5433,5433,SYSTEM,Okay! For when?,Booking-Request,,,,,,Booking,Request,,234,3,,Medium,Request,3
5534,5534,USER,What's their postcode?,Attraction-Request,3.0,3.0,3.0,3.0,,Attraction,Request,3.0,238,16,3.0,Medium,Request,3
5535,5535,SYSTEM,their postcode is cb30nd,Hotel-Inform,,,,,,Hotel,Inform,,238,17,,Medium,Inform,4
5548,5548,USER,"Yes, for one please.",,3.0,3.0,3.0,4.0,,,,3.25,239,6,3.126,Medium,,4
5572,5572,USER,does it have wifi?,Hotel-Inform,3.0,3.0,3.0,,,Hotel,Inform,3.0,240,6,3.0,Medium,Inform,4
5598,5598,USER,How about any area?,Restaurant-Inform,3.0,3.0,3.0,,,Restaurant,Inform,3.0,241,2,3.0,Medium,Inform,4
5604,5604,USER,Do they allow BYOB?,,3.0,3.0,3.0,,,,,3.0,241,8,3.0,Medium,,4
5611,5611,SYSTEM,TR9102 arrives at 05:11,Train-Inform,,,,,,Train,Inform,,242,1,,Medium,Inform,4
5633,5633,SYSTEM,What area of town?,Hotel-Request,,,,,,Hotel,Request,,243,3,,Medium,Request,4
5640,5640,USER,"No, that doesn't matter.",Restaurant-Inform,3.0,3.0,2.0,,,Restaurant,Inform,2.67,243,10,2.667,Low,Inform,4
5685,5685,SYSTEM,It's a college attraction.,Attraction-Inform,,,,,,Attraction,Inform,,245,7,,Medium,Inform,4
5690,5690,USER,I require free wifi.,,2.0,3.0,3.0,,,,,2.67,245,12,2.667,Low,,4
5746,5746,USER,Is it a guesthouse?,Hotel-Inform,3.0,3.0,3.0,,,Hotel,Inform,3.0,248,2,3.0,Medium,Inform,4
5880,5880,USER,Yes please do.,,3.0,4.0,3.0,,,,,3.33,253,6,3.333,High,,3
5988,5988,USER,How about 3 nights?,Hotel-Inform,3.0,3.0,3.0,,,Hotel,Inform,3.0,257,10,3.0,Medium,Inform,4
6028,6028,USER,"Phone number, please.",Restaurant-Request,5.0,3.0,3.0,3.0,,Restaurant,Request,3.5,259,10,3.582,High,Request,3
6040,6040,USER,Try another type.,Hotel-Inform,4.0,3.0,3.0,,,Hotel,Inform,3.33,260,8,3.333,High,Inform,3
6084,6084,USER,I'm going to leicester.,Train-Inform,4.0,3.0,3.0,,,Train,Inform,3.33,262,8,3.333,High,Inform,4
6262,6262,USER,I appreciate that.,,4.0,4.0,4.0,2.0,4.0,,,3.6,269,24,3.751,High,,3
6373,6373,SYSTEM,"No, it is expensive.",Restaurant-Inform,,,,,,Restaurant,Inform,,274,3,,Medium,Inform,4
6398,6398,USER,I would like chinese.,Restaurant-Inform,5.0,3.0,3.0,3.0,3.0,Restaurant,Inform,3.4,275,6,3.573,High,Inform,4
6418,6418,USER,Is there live music?,,3.0,3.0,3.0,,,,,3.0,276,6,3.0,Medium,,4
6448,6448,USER,How about 17:30 instead?,Restaurant-Inform,2.0,3.0,3.0,3.0,,Restaurant,Inform,2.75,278,6,2.709,Low,Inform,4
6454,6454,USER,Is that expensive?,,2.0,3.0,3.0,3.0,,,,2.75,278,12,2.709,Low,,3
6549,6549,SYSTEM,What is your destination?,Train-Request,,,,,,Train,Request,,282,11,,Medium,Request,4
6594,6594,USER,Modern Eclectic please,Restaurant-Inform,3.0,3.0,3.0,,,Restaurant,Inform,3.0,284,10,3.0,Medium,Inform,3
6612,6612,USER,I don't care,,3.0,3.0,3.0,,,,,3.0,285,4,3.0,Medium,,3
6630,6630,USER,Is there outdoor seating?,,2.0,3.0,3.0,,,,,2.67,286,6,2.667,Low,,4
6686,6686,USER,Do they take Visa?,,3.0,3.0,3.0,,,,,3.0,289,8,3.0,Medium,,4
6742,6742,USER,"No, that's all right.",,2.0,3.0,3.0,,,,,2.67,291,20,2.667,Low,,4
6781,6781,SYSTEM,How about the ghandi?,Restaurant-Recommend,,,,,,Restaurant,Recommend,,293,9,,Medium,Recommend,4
6786,6786,USER,Ok lets try there.,,3.0,4.0,4.0,,,,,3.67,293,14,3.667,High,,4
6882,6882,USER,Yes please.,,3.0,4.0,3.0,3.0,,,,3.25,297,16,3.291,High,,2
7014,7014,USER,That's all I needed.,,3.0,3.0,3.0,,,,,3.0,303,20,3.0,Medium,,4
7040,7040,USER,Let's go with lebanese.,Restaurant-Inform,3.0,3.0,3.0,3.0,,Restaurant,Inform,3.0,305,4,3.0,Medium,Inform,4
7133,7133,SYSTEM,Reference number is 26OVK8Q2.,Booking-Book,,,,,,Booking,Book,,308,13,,Medium,Book,4
7298,7298,USER,Nope. That'll be it.,,4.0,4.0,3.0,3.0,,,,3.5,315,12,3.582,High,,4
7332,7332,USER,Is that expensive?,,3.0,3.0,2.0,2.0,,,,2.5,317,4,2.582,Low,,3
7468,7468,USER,I don't care,,2.0,3.0,3.0,,,,,2.67,323,2,2.667,Low,,3
7513,7513,SYSTEM,"Yes, it's XXNQ81IE.",Booking-Book,,,,,,Booking,Book,,325,17,,Medium,Book,3
7523,7523,SYSTEM,TR4861 leaves at 13:29,Train-Inform,,,,,,Train,Inform,,326,7,,Medium,Inform,4
7608,7608,USER,Does it allow children?,,3.0,3.0,3.0,3.0,,,,3.0,329,14,3.0,Medium,,4
7831,7831,SYSTEM,Anything else today?,general-reqmore,,,,,,general,reqmore,,339,25,,Medium,reqmore,3
7836,7836,USER,50 to 75 dollars,Hotel-Inform,3.0,3.0,3.0,,,Hotel,Inform,3.0,340,2,3.0,Medium,Inform,4
7851,7851,SYSTEM,Sure! That is BANQDUCA.,Booking-Book,,,,,,Booking,Book,,340,17,,Medium,Book,4
7858,7858,USER,I don't care.,,3.0,3.0,2.0,,,,,2.67,341,4,2.667,Low,,3
7866,7866,USER,yes please,,3.0,3.0,3.0,,,,,3.0,341,12,3.0,Medium,,2
7872,7872,USER,A guesthouse please.,Hotel-Inform,3.0,3.0,4.0,,,Hotel,Inform,3.33,342,2,3.333,High,Inform,3
7890,7890,USER,"No, nothing at all.",,3.0,3.0,4.0,,,,,3.33,342,20,3.333,High,,4
7911,7911,SYSTEM,Have a wonderful time.,general-bye,,,,,,general,bye,,343,19,,Medium,bye,4
7938,7938,USER,Do they serve alcohol?,,5.0,3.0,3.0,3.0,,,,3.5,345,12,3.582,High,,4
7948,7948,USER,I have no preference.,,3.0,2.0,3.0,,,,,2.67,346,2,2.667,Low,,4
7950,7950,USER,What about Italian food?,Restaurant-Inform,3.0,3.0,3.0,,,Restaurant,Inform,3.0,346,4,3.0,Medium,Inform,4
8119,8119,SYSTEM,No expensive restaurant,Restaurant-NoOffer,,,,,,Restaurant,NoOffer,,353,3,,Medium,NoOffer,3
8148,8148,USER,How about two night?,Hotel-Inform,3.0,3.0,2.0,,,Hotel,Inform,2.67,354,12,2.667,Low,Inform,4
8188,8188,USER,does it have wifi?,Hotel-Inform,3.0,3.0,3.0,2.0,,Hotel,Inform,2.75,356,10,2.874,Medium,Inform,4
8202,8202,USER,Is wifi available?,,3.0,3.0,3.0,,,,,3.0,357,8,3.0,Medium,,3
8278,8278,USER,That works for me.,,4.0,3.0,4.0,3.0,,,,3.5,360,16,3.582,High,,4
8344,8344,USER,Does it serve alcohol?,,3.0,3.0,3.0,,,,,3.0,363,4,3.0,Medium,,4
8347,8347,SYSTEM,They serve italian food.,Restaurant-Inform,,,,,,Restaurant,Inform,,363,7,,Medium,Inform,4
8376,8376,USER,Not at all.,,3.0,3.0,4.0,,,,,3.33,364,20,3.333,High,,3
8465,8465,SYSTEM,Have a great time.,general-bye,,,,,,general,bye,,368,23,,Medium,bye,4
8500,8500,USER,I do not care.,Restaurant-Inform,3.0,2.0,3.0,,,Restaurant,Inform,2.67,370,2,2.667,Low,Inform,4
8510,8510,USER,What is the postcode?,,3.0,3.0,3.0,,,,,3.0,370,12,3.0,Medium,,4
8556,8556,USER,Do they have internet?,Hotel-Request,4.0,3.0,3.0,,,Hotel,Request,3.33,372,12,3.333,High,Request,4
8632,8632,USER,How about 12:30?,Restaurant-Inform,3.0,4.0,3.0,3.0,,Restaurant,Inform,3.25,375,12,3.291,High,Inform,3
8642,8642,USER,Any area is fine.,,3.0,3.0,3.0,,,,,3.0,376,2,3.0,Medium,,4
8784,8784,USER,Churches could be interesting,Attraction-Inform,3.0,3.0,3.0,,,Attraction,Inform,3.0,382,2,3.0,Medium,Inform,4
8794,8794,USER,I want expensive please.,Restaurant-Inform,3.0,3.0,3.0,,,Restaurant,Inform,3.0,382,12,3.0,Medium,Inform,4
8856,8856,USER,I don't care.,,3.0,3.0,3.0,,,,,3.0,385,2,3.0,Medium,,3
8858,8858,USER,How about vietnamese food?,Restaurant-Inform,3.0,3.0,3.0,,,Restaurant,Inform,3.0,385,4,3.0,Medium,Inform,4
8868,8868,USER,and also postcode please?,,3.0,3.0,3.0,,,,,3.0,385,14,3.0,Medium,,4
8940,8940,USER,Does it serve alcohol?,,3.0,3.0,3.0,,,,,3.0,388,12,3.0,Medium,,4
9048,9048,USER,I don't care.,,3.0,3.0,3.0,,,,,3.0,393,2,3.0,Medium,,3
9058,9058,USER,and also postcode please?,,3.0,3.0,3.0,,,,,3.0,393,12,3.0,Medium,,4
9160,9160,USER,Yes can you please?,,5.0,3.0,3.0,3.0,,,,3.5,398,8,3.582,High,,4
9277,9277,SYSTEM,"Sure, I can!",general-welcome,,,,,,general,welcome,,402,21,,Medium,welcome,3
9302,9302,USER,Yes that sounds perfect!,,4.0,4.0,3.0,,,,,3.67,403,12,3.667,High,,4
9319,9319,SYSTEM,They serve British food.,Restaurant-Inform,,,,,,Restaurant,Inform,,404,3,,Medium,Inform,4
9412,9412,USER,how about lebanese instead?,Restaurant-Inform,3.0,3.0,3.0,3.0,,Restaurant,Inform,3.0,407,20,3.0,Medium,Inform,4
9482,9482,USER,Do they take Mastercard?,,3.0,3.0,2.0,,,,,2.67,411,10,2.667,Low,,4
9554,9554,USER,"No, I do not.",,2.0,3.0,2.0,2.0,,,,2.25,414,10,2.291,Low,,4
9774,9774,USER,What about a college?,Attraction-Inform,3.0,3.0,2.0,3.0,,Attraction,Inform,2.75,423,10,2.709,Low,Inform,4
9912,9912,USER,There is only me.,,3.0,3.0,3.0,2.0,,,,2.75,429,10,2.874,Medium,,4
10022,10022,USER,"Yes, Caribbean food please.",Restaurant-Inform,3.0,4.0,3.0,,,Restaurant,Inform,3.33,434,2,3.333,High,Inform,4
10030,10030,USER,Yes. Just one person.,,3.0,4.0,3.0,,,,,3.33,434,10,3.333,High,,4
10096,10096,USER,"No, that is all.",,4.0,3.0,4.0,3.0,,,,3.5,436,22,3.582,High,,4
10246,10246,USER,I'm leaving on Saturday.,Train-Inform,3.0,3.0,3.0,,,Train,Inform,3.0,443,6,3.0,Medium,Inform,4
10282,10282,USER,Please book that train.,Train-Inform,4.0,4.0,3.0,,,Train,Inform,3.67,444,14,3.667,High,Inform,4
10293,10293,SYSTEM,How about the Avalon?,Hotel-Recommend,,,,,,Hotel,Recommend,,445,1,,Medium,Recommend,4
10350,10350,USER,"In the centre, please.",Restaurant-Inform,3.0,3.0,3.0,,,Restaurant,Inform,3.0,448,2,3.0,Medium,Inform,4
10361,10361,SYSTEM,you are welcome,general-welcome,,,,,,general,welcome,,448,13,,Medium,welcome,3
10398,10398,USER,Lets try anatolia.,Restaurant-Inform,3.0,2.0,3.0,,,Restaurant,Inform,2.67,449,18,2.667,Low,Inform,3
10474,10474,USER,Have a wonderful day!,general-bye,3.0,3.0,3.0,,,general,bye,3.0,452,14,3.0,Medium,bye,4
10594,10594,USER,How about tuesday?,Hotel-Inform,3.0,3.0,3.0,,,Hotel,Inform,3.0,457,12,3.0,Medium,Inform,3
10596,10596,USER,Try tuesday please.,Hotel-Inform,3.0,2.0,2.0,,,Hotel,Inform,2.33,457,14,2.333,Low,Inform,3
10626,10626,USER,What time is checkin?,,5.0,3.0,3.0,3.0,,,,3.5,458,14,3.582,High,,4
10672,10672,USER,Do they allow BYOB?,,3.0,3.0,2.0,3.0,3.0,,,2.8,461,2,2.714,Medium,,4
10710,10710,USER,Centre of Cambridge,Restaurant-Inform,3.0,3.0,3.0,,,Restaurant,Inform,3.0,463,2,3.0,Medium,Inform,3
10744,10744,USER,How about thai?,Restaurant-Inform,3.0,3.0,3.0,3.0,,Restaurant,Inform,3.0,465,2,3.0,Medium,Inform,3
10746,10746,USER,I don't care.,,3.0,2.0,3.0,2.0,,,,2.5,465,4,2.582,Low,,3
10752,10752,USER,Centre please,Restaurant-Inform,3.0,4.0,3.0,3.0,,Restaurant,Inform,3.25,465,10,3.291,High,Inform,2
10759,10759,SYSTEM,You are welcome!,general-welcome,,,,,,general,welcome,,465,17,,Medium,welcome,3
10810,10810,USER,"Try 9:45 then, please.",,3.0,3.0,3.0,,,,,3.0,468,14,3.0,Medium,,4
10818,10818,USER,How about 9:45 instead?,Restaurant-Inform,3.0,3.0,3.0,,,Restaurant,Inform,3.0,468,22,3.0,Medium,Inform,4
11006,11006,USER,How about 14:00 instead?,Restaurant-Inform,3.0,3.0,3.0,,,Restaurant,Inform,3.0,476,8,3.0,Medium,Inform,4
11037,11037,SYSTEM,What is your destination?,Train-Request,,,,,,Train,Request,,478,3,,Medium,Request,4
11074,11074,USER,I need five tickets.,Train-Inform,5.0,3.0,3.0,3.0,,Train,Inform,3.5,479,22,3.582,High,Inform,4
11122,11122,USER,What is the postcode?,,3.0,3.0,3.0,,,,,3.0,482,4,3.0,Medium,,4
11174,11174,USER,I don't care,,4.0,4.0,4.0,2.0,,,,3.5,484,2,3.747,High,,3
11182,11182,USER,Do they offer takeout?,,4.0,4.0,3.0,3.0,,,,3.5,484,10,3.582,High,,4
11402,11402,USER,Broxbourne and Cambridge.,,4.0,3.0,3.0,3.0,,,,3.25,495,8,3.291,High,,3
11406,11406,USER,"On Saturday, please.",,4.0,3.0,3.0,3.0,,,,3.25,495,12,3.291,High,,3
11438,11438,USER,yes please. 2 tickets,Train-Inform,4.0,4.0,3.0,3.0,,Train,Inform,3.5,496,18,3.582,High,Inform,4
11488,11488,USER,i'll need a taxi,Taxi-Inform,3.0,4.0,3.0,,,Taxi,Inform,3.33,498,14,3.333,High,Inform,4
11546,11546,USER,Please do that.,,4.0,4.0,4.0,3.0,,,,3.75,501,8,3.874,High,,3
11612,11612,USER,I don't think so.,,2.0,2.0,1.0,2.0,2.0,,,1.8,503,30,1.714,Low,,4
11697,11697,SYSTEM,How many passengers?,Train-Request,,,,,,Train,Request,,507,9,,Medium,Request,3
11744,11744,USER,Have a nice day.,general-bye,4.0,4.0,3.0,,,general,bye,3.67,508,26,3.667,High,bye,4
11823,11823,SYSTEM,The postcode is cb23bu.,Attraction-Inform,,,,,,Attraction,Inform,,512,5,,Medium,Inform,4
11890,11890,USER,Just one night please.,Hotel-Inform,4.0,4.0,3.0,3.0,3.0,Hotel,Inform,3.4,515,22,3.573,High,Inform,4
11908,11908,USER,Moderately priced if possible.,Hotel-Inform,5.0,3.0,3.0,3.0,,Hotel,Inform,3.5,516,8,3.582,High,Inform,4
12017,12017,SYSTEM,It is 37.80 pounds.,Train-Inform,,,,,,Train,Inform,,521,19,,Medium,Inform,4
12056,12056,USER,How about 1 night?,Hotel-Inform,3.0,3.0,3.0,3.0,,Hotel,Inform,3.0,523,10,3.0,Medium,Inform,4
12072,12072,USER,I don't care.,,3.0,3.0,3.0,,,,,3.0,524,2,3.0,Medium,,3
12142,12142,USER,Is there bike parking?,,4.0,3.0,3.0,3.0,,,,3.25,527,4,3.291,High,,4
12170,12170,USER,What is the postcode?,,3.0,3.0,3.0,2.0,3.0,,,2.8,528,12,2.876,Medium,,4
12206,12206,USER,Which one is better?,,3.0,3.0,3.0,,,,,3.0,530,16,3.0,Medium,,4
12218,12218,USER,Priced moderately please.,Restaurant-Inform,3.0,3.0,3.0,,,Restaurant,Inform,3.0,530,28,3.0,Medium,Inform,3
12412,12412,USER,Can you suggestion one?,,3.0,3.0,3.0,2.0,,,,2.75,539,8,2.874,Medium,,4
12415,12415,SYSTEM,no entrance fee charged,Attraction-Inform,,,,,,Attraction,Inform,,539,11,,Medium,Inform,4
12432,12432,USER,Have a nice day.,general-bye,4.0,3.0,4.0,3.0,,general,bye,3.5,539,28,3.582,High,bye,4
12492,12492,USER,What is the address?,Restaurant-Request,3.0,3.0,3.0,,,Restaurant,Request,3.0,542,4,3.0,Medium,Request,4
12526,12526,USER,I don't care.,,3.0,3.0,3.0,,,,,3.0,544,2,3.0,Medium,,3
12541,12541,SYSTEM,TR9589 leaves at 19:16,Train-Inform,,,,,,Train,Inform,,545,3,,Medium,Inform,4
12610,12610,USER,what about international food?,Restaurant-Inform,4.0,3.0,3.0,,,Restaurant,Inform,3.33,547,2,3.333,High,Inform,4
12646,12646,USER,I'm departing from leicester.,Train-Inform,5.0,3.0,3.0,3.0,3.0,Train,Inform,3.4,549,2,3.573,High,Inform,4
12649,12649,SYSTEM,what is your destination?,Train-Request,,,,,,Train,Request,,549,5,,Medium,Request,4
12664,12664,USER,Have a nice day.,general-bye,5.0,4.0,5.0,4.0,5.0,general,bye,4.6,549,20,4.589,High,bye,4
12670,12670,USER,That is all.,,5.0,3.0,3.0,3.0,3.0,,,3.4,549,26,3.573,High,,3
12714,12714,USER,No. That is all!,,3.0,3.0,2.0,,,,,2.67,551,22,2.667,Low,,4
12775,12775,SYSTEM,Have a good day,general-bye,,,,,,general,bye,,554,13,,Medium,bye,4
12944,12944,USER,Friday. For 7 people.,Hotel-Inform,3.0,3.0,3.0,,,Hotel,Inform,3.0,561,16,3.0,Medium,Inform,4
12948,12948,USER,How about one night?,Hotel-Inform,3.0,3.0,3.0,,,Hotel,Inform,3.0,561,20,3.0,Medium,Inform,4
13070,13070,USER,How about british?,Restaurant-Inform,3.0,3.0,3.0,3.0,,Restaurant,Inform,3.0,567,2,3.0,Medium,Inform,3
13104,13104,USER,Just the address please,Attraction-Request,3.0,3.0,3.0,,,Attraction,Request,3.0,568,22,3.0,Medium,Request,4
13136,13136,USER,Is there anything else?,,3.0,3.0,3.0,,,,,3.0,570,4,3.0,Medium,,4
13140,13140,USER,What is the address?,Restaurant-Request,3.0,3.0,3.0,,,Restaurant,Request,3.0,570,8,3.0,Medium,Request,4
13169,13169,SYSTEM,How many tickets?,Train-Request,,,,,,Train,Request,,572,7,,Medium,Request,3
13310,13310,USER,I don't care.,,3.0,3.0,3.0,,,,,3.0,579,10,3.0,Medium,,3
13330,13330,USER,It doesn't matter.,,3.0,3.0,3.0,,,,,3.0,580,6,3.0,Medium,,3
13340,13340,USER,What is the address?,Restaurant-Request,3.0,3.0,3.0,,,Restaurant,Request,3.0,580,16,3.0,Medium,Request,4
13434,13434,USER,I don't need either.,,3.0,3.0,2.0,,,,,2.67,584,8,2.667,Low,,4
13474,13474,USER,At the el shaddai.,Restaurant-Inform,3.0,3.0,3.0,,,Restaurant,Inform,3.0,585,26,3.0,Medium,Inform,4
13490,13490,USER,"Yes, please.",,3.0,3.0,2.0,3.0,,,,2.75,586,10,2.709,Low,,2
13554,13554,USER,"No, area doesn't matter.",,3.0,3.0,4.0,,,,,3.33,589,4,3.333,High,,4
13576,13576,USER,What is the address?,Restaurant-Request,3.0,3.0,3.0,,,Restaurant,Request,3.0,590,10,3.0,Medium,Request,4
13581,13581,SYSTEM,enjoy your meal.,general-bye,,,,,,general,bye,,590,15,,Medium,bye,3
13586,13586,USER,I don't care.,,3.0,3.0,3.0,,,,,3.0,591,2,3.0,Medium,,3
13650,13650,USER,"No, I do not.",,3.0,3.0,3.0,,,,,3.0,594,4,3.0,Medium,,4
13668,13668,USER,Do they offer BYOB?,,3.0,3.0,3.0,3.0,,,,3.0,595,4,3.0,Medium,,4
13692,13692,USER,It doesn't matter.,,3.0,3.0,2.0,,,,,2.67,596,10,2.667,Low,,3
13748,13748,USER,"2 nights, then.",Hotel-Inform,4.0,3.0,3.0,,,Hotel,Inform,3.33,599,8,3.333,High,Inform,3
13854,13854,USER,Do they have internet?,Hotel-Request,3.0,3.0,3.0,,,Hotel,Request,3.0,604,4,3.0,Medium,Request,4
13982,13982,USER,What is their address?,Attraction-Request,3.0,3.0,2.0,3.0,,Attraction,Request,2.75,609,18,2.709,Low,Request,4
14100,14100,USER,have a lovely day.,general-bye,4.0,4.0,4.0,3.0,,general,bye,3.75,614,30,3.874,High,bye,4
14103,14103,SYSTEM,What is your destination?,Train-Request,,,,,,Train,Request,,615,1,,Medium,Request,4
14104,14104,USER,I'm traveling to Ely.,Train-Inform,3.0,3.0,3.0,,,Train,Inform,3.0,615,2,3.0,Medium,Inform,4
14124,14124,USER,do they serve alcohol?,,3.0,4.0,3.0,,,,,3.33,615,22,3.333,High,,4
14193,14193,SYSTEM,"No, it certainly isn't.",Train-NoOffer,,,,,,Train,NoOffer,,618,1,,Medium,NoOffer,4
14204,14204,USER,I don't care.,,4.0,3.0,3.0,,,,,3.33,619,2,3.333,High,,3
14212,14212,USER,What is the address?,Restaurant-Request,4.0,3.0,3.0,,,Restaurant,Request,3.33,619,10,3.333,High,Request,4
14214,14214,USER,how about their postcode?,,4.0,3.0,3.0,,,,,3.33,619,12,3.333,High,,4
14220,14220,USER,I don't care.,,3.0,3.0,3.0,,,,,3.0,620,2,3.0,Medium,,3
14236,14236,USER,I don't care.,,2.0,3.0,2.0,,,,,2.33,621,2,2.333,Low,,3
14322,14322,USER,Please book the ticket.,,3.0,3.0,3.0,3.0,,,,3.0,625,4,3.0,Medium,,4
14346,14346,USER,I need two tickets.,Train-Inform,3.0,3.0,3.0,,,Train,Inform,3.0,626,6,3.0,Medium,Inform,4
14449,14449,SYSTEM,"Yes, both have internet.",Hotel-Inform,,,,,,Hotel,Inform,,630,15,,Medium,Inform,4
14528,14528,USER,"1 person, plese.",Hotel-Inform,3.0,3.0,3.0,,,Hotel,Inform,3.0,634,8,3.0,Medium,Inform,3
14570,14570,USER,Then how about 17:15?,Restaurant-Inform,2.0,2.0,3.0,2.0,,Restaurant,Inform,2.25,635,18,2.291,Low,Inform,4
14658,14658,USER,Have a nice day.,general-bye,3.0,3.0,3.0,,,general,bye,3.0,638,26,3.0,Medium,bye,4
14696,14696,USER,How about a museum?,Attraction-Inform,4.0,3.0,3.0,,,Attraction,Inform,3.33,641,2,3.333,High,Inform,4
14750,14750,USER,How about Chinese food?,Restaurant-Inform,3.0,3.0,3.0,,,Restaurant,Inform,3.0,643,2,3.0,Medium,Inform,4
14840,14840,USER,Does it have internet?,Hotel-Request,3.0,3.0,3.0,,,Hotel,Request,3.0,647,10,3.0,Medium,Request,4
14910,14910,USER,i want indian food.,Restaurant-Inform,3.0,3.0,3.0,,,Restaurant,Inform,3.0,651,6,3.0,Medium,Inform,4
14912,14912,USER,Do they deliver?,,3.0,3.0,3.0,,,,,3.0,651,8,3.0,Medium,,3
14938,14938,USER,How about the center?,,3.0,3.0,3.0,,,,,3.0,652,10,3.0,Medium,,4
14960,14960,USER,How about for 10:15?,Restaurant-Inform,3.0,3.0,3.0,,,Restaurant,Inform,3.0,653,12,3.0,Medium,Inform,4
14978,14978,USER,ok. ill check latter,,4.0,4.0,3.0,4.0,,,,3.75,654,14,3.709,High,,4
15081,15081,SYSTEM,The postcode is cb58nt.,Attraction-Inform,,,,,,Attraction,Inform,,658,19,,Medium,Inform,4
15103,15103,SYSTEM,I would recommend allenbell.,Hotel-Recommend,,,,,,Hotel,Recommend,,659,7,,Medium,Recommend,4
15219,15219,SYSTEM,The postcode is cb11dg.,Restaurant-Inform,,,,,,Restaurant,Inform,,664,3,,Medium,Inform,4
15237,15237,SYSTEM,What is your destination?,Train-Request,,,,,,Train,Request,,664,21,,Medium,Request,4
15248,15248,USER,I'm traveling on saturday.,Train-Inform,3.0,3.0,3.0,,,Train,Inform,3.0,665,2,3.0,Medium,Inform,4
15278,15278,USER,How about Italian food?,Restaurant-Inform,3.0,2.0,3.0,,,Restaurant,Inform,2.67,666,10,2.667,Low,Inform,4
15354,15354,USER,I don't need parking.,Hotel-Inform,3.0,3.0,3.0,,,Hotel,Inform,3.0,669,4,3.0,Medium,Inform,4
15389,15389,SYSTEM,What is your destination?,Train-Request,,,,,,Train,Request,,670,15,,Medium,Request,4
15390,15390,USER,It is leicester.,Train-Inform,3.0,3.0,4.0,3.0,,Train,Inform,3.25,670,16,3.291,High,Inform,3
15418,15418,USER,i need something cheap,Hotel-Inform,4.0,2.0,2.0,2.0,,Hotel,Inform,2.5,672,8,2.582,Low,Inform,4
15479,15479,SYSTEM,when is your stay?,Booking-Request,,,,,,Booking,Request,,674,9,,Medium,Request,4
15480,15480,USER,Let's go with Thursday.,,3.0,4.0,3.0,3.0,,,,3.25,674,10,3.291,High,,4
15485,15485,SYSTEM,Have a wonderful time.,general-bye,,,,,,general,bye,,674,15,,Medium,bye,4
15487,15487,SYSTEM,"Yes, I can.",general-greet,,,,,,general,greet,,674,17,,Medium,greet,3
15488,15488,USER,how about 1 nights.,Hotel-Inform,3.0,4.0,3.0,3.0,,Hotel,Inform,3.25,674,18,3.291,High,Inform,4
15502,15502,USER,I don't really care.,,3.0,3.0,3.0,,,,,3.0,675,2,3.0,Medium,,4
15651,15651,SYSTEM,Have a wonderful time.,general-bye,,,,,,general,bye,,680,25,,Medium,bye,4
15658,15658,USER,Mediterranean sounds good.,Restaurant-Inform,4.0,4.0,4.0,3.0,,Restaurant,Inform,3.75,681,4,3.874,High,Inform,3
15669,15669,SYSTEM,no I am sorry,Attraction-NoOffer,,,,,,Attraction,NoOffer,,681,15,,Medium,NoOffer,4
15676,15676,USER,Are there vegetarian options?,,3.0,3.0,3.0,3.0,,,,3.0,681,22,3.0,Medium,,4
15724,15724,USER,How about chinese food?,Restaurant-Inform,3.0,3.0,2.0,,,Restaurant,Inform,2.67,684,6,2.667,Low,Inform,4
15749,15749,SYSTEM,What is your destination?,Train-Request,,,,,,Train,Request,,685,9,,Medium,Request,4
15766,15766,USER,I don't care.,,3.0,2.0,3.0,2.0,,,,2.5,686,4,2.582,Low,,3
15810,15810,USER,Yes WiFi internet please.,,4.0,3.0,3.0,,,,,3.33,688,4,3.333,High,,4
15845,15845,SYSTEM,They serve Indian food.,Restaurant-Inform,,,,,,Restaurant,Inform,,689,15,,Medium,Inform,4
15846,15846,USER,Does Rajmahals serve booze?,,3.0,3.0,3.0,4.0,,,,3.25,689,16,3.126,Medium,,4
15908,15908,USER,We're arriving on Thursday.,Hotel-Inform,3.0,3.0,3.0,,,Hotel,Inform,3.0,692,12,3.0,Medium,Inform,4
15930,15930,USER,Can you try chinese?,Restaurant-Inform,3.0,2.0,2.0,,,Restaurant,Inform,2.33,693,2,2.333,Low,Inform,4
15986,15986,USER,Mexican,Restaurant-Inform,3.0,3.0,3.0,,,Restaurant,Inform,3.0,695,2,3.0,Medium,Inform,1
15994,15994,USER,is delivery offered there?,,3.0,3.0,3.0,,,,,3.0,695,10,3.0,Medium,,4
16028,16028,USER,"Yes, please make reservations.",,3.0,3.0,2.0,3.0,,,,2.75,697,8,2.709,Low,,4
16034,16034,USER,yes with reference number,,3.0,3.0,3.0,3.0,,,,3.0,697,14,3.0,Medium,,4
16178,16178,USER,What about guesthouses?,Hotel-Inform,3.0,2.0,3.0,3.0,3.0,Hotel,Inform,2.8,705,4,2.714,Medium,Inform,3
16236,16236,USER,How about Wednesday?,Restaurant-Inform,2.0,2.0,4.0,2.0,,Restaurant,Inform,2.5,707,8,2.582,Low,Inform,3
16248,16248,USER,How about european food?,Restaurant-Inform,3.0,3.0,2.0,3.0,,Restaurant,Inform,2.75,708,4,2.709,Low,Inform,4
16250,16250,USER,"European, please.",,3.0,3.0,3.0,3.0,,,,3.0,708,6,3.0,Medium,,2
16252,16252,USER,No I do not,,3.0,3.0,3.0,2.0,,,,2.75,708,8,2.874,Medium,,4
16343,16343,SYSTEM,For how many people?,Train-Request,,,,,,Train,Request,,712,5,,Medium,Request,4
16358,16358,USER,How about a museum?,Attraction-Inform,3.0,3.0,2.0,,,Attraction,Inform,2.67,712,20,2.667,Low,Inform,4
16366,16366,USER,"No, I don't care.",Restaurant-Inform,3.0,2.0,3.0,,,Restaurant,Inform,2.67,713,2,2.667,Low,Inform,4
16378,16378,USER,Do they have internet?,Hotel-Request,3.0,3.0,2.0,,,Hotel,Request,2.67,713,14,2.667,Low,Request,4
16387,16387,SYSTEM,Does location matter?,Restaurant-Request,,,,,,Restaurant,Request,,714,1,,Medium,Request,3
16392,16392,USER,Can you try chinese?,Restaurant-Inform,3.0,3.0,1.0,3.0,,Restaurant,Inform,2.5,714,6,2.418,Low,Inform,4
16436,16436,USER,How about on saturday?,Hotel-Inform,3.0,3.0,3.0,,,Hotel,Inform,3.0,715,28,3.0,Medium,Inform,4
16442,16442,USER,That is correct,Train-Inform,3.0,3.0,3.0,,,Train,Inform,3.0,715,34,3.0,Medium,Inform,3
16457,16457,SYSTEM,What is your destination?,Train-Request,,,,,,Train,Request,,716,3,,Medium,Request,4
16458,16458,USER,I'm going to Cambridge.,Train-Inform,3.0,3.0,3.0,,,Train,Inform,3.0,716,4,3.0,Medium,Inform,4
16494,16494,USER,"18:30, please.",Train-Inform,3.0,3.0,3.0,3.0,,Train,Inform,3.0,717,20,3.0,Medium,Inform,2
16499,16499,SYSTEM,"Awesome, enjoy your trip!",general-bye,,,,,,general,bye,,717,25,,Medium,bye,4
16590,16590,USER,What are those options?,,3.0,3.0,3.0,,,,,3.0,722,6,3.0,Medium,,4
16608,16608,USER,"Leave after 10:15, please.",,3.0,3.0,3.0,,,,,3.0,723,2,3.0,Medium,,4
16630,16630,USER,Have a nice day.,general-bye,4.0,4.0,3.0,,,general,bye,3.67,723,24,3.667,High,bye,4
16644,16644,USER,In the centre please,Restaurant-Inform,3.0,3.0,3.0,3.0,,Restaurant,Inform,3.0,725,2,3.0,Medium,Inform,4
16796,16796,USER,How about Chinese restaurants?,Restaurant-Inform,3.0,3.0,3.0,3.0,,Restaurant,Inform,3.0,731,2,3.0,Medium,Inform,4
16804,16804,USER,The price doesn't matter.,,4.0,3.0,3.0,3.0,,,,3.25,731,10,3.291,High,,4
16864,16864,USER,"Actually, do they deliver?",,3.0,3.0,3.0,2.0,,,,2.75,734,4,2.874,Medium,,4
16938,16938,USER,It does not matter.,,3.0,3.0,3.0,,,,,3.0,737,2,3.0,Medium,,4
16940,16940,USER,"no, I don't care",Restaurant-Inform,3.0,2.0,2.0,,,Restaurant,Inform,2.33,737,4,2.333,Low,Inform,4
16954,16954,USER,Do they offer delivery?,,3.0,3.0,3.0,,,,,3.0,738,2,3.0,Medium,,4
16966,16966,USER,I don't care.,,3.0,2.0,3.0,3.0,,,,2.75,739,2,2.709,Low,,3
16970,16970,USER,No preference,,3.0,3.0,3.0,2.0,,,,2.75,739,6,2.874,Medium,,2
16974,16974,USER,Is BYOB available there?,,5.0,3.0,3.0,3.0,,,,3.5,739,10,3.582,High,,4
17028,17028,USER,I leave on sunday.,,3.0,3.0,3.0,,,,,3.0,742,4,3.0,Medium,,4
17101,17101,SYSTEM,Yes to both.,Hotel-Inform,,,,,,Hotel,Inform,,745,5,,Medium,Inform,3
17160,17160,USER,How about a museum?,Attraction-Inform,3.0,4.0,3.0,,,Attraction,Inform,3.33,749,2,3.333,High,Inform,4
17190,17190,USER,"yes, that is correct.",Train-Inform,4.0,3.0,4.0,,,Train,Inform,3.67,750,4,3.667,High,Inform,4
17290,17290,USER,sunday after 14:00,Train-Inform,3.0,3.0,3.0,,,Train,Inform,3.0,754,2,3.0,Medium,Inform,3
17312,17312,USER,Is smoking allowed?,,3.0,3.0,3.0,,,,,3.0,754,24,3.0,Medium,,3
17324,17324,USER,I prefer moderate cost,,3.0,2.0,3.0,3.0,,,,2.75,755,6,2.709,Low,,4
17334,17334,USER,Let's try 16:45 then.,Restaurant-Inform,3.0,3.0,2.0,3.0,,Restaurant,Inform,2.75,755,16,2.709,Low,Inform,4
17366,17366,USER,i dont care,,3.0,3.0,3.0,,,,,3.0,757,2,3.0,Medium,,3
17372,17372,USER,Is there anything else?,,3.0,3.0,2.0,,,,,2.67,757,8,2.667,Low,,4
17376,17376,USER,"Yes, please.",,3.0,3.0,2.0,,,,,2.67,757,12,2.667,Low,,2
17482,17482,USER,Does housekeeping come everyday?,,3.0,3.0,2.0,,,,,2.67,761,12,2.667,Low,,4
17520,17520,USER,"Sure, for Thursday.",Restaurant-Inform,3.0,3.0,3.0,,,Restaurant,Inform,3.0,763,8,3.0,Medium,Inform,3
17629,17629,SYSTEM,"sure, what price range?",Hotel-Request,,,,,,Hotel,Request,,768,11,,Medium,Request,4
17632,17632,USER,"free parking, please.",Hotel-Inform,3.0,3.0,3.0,,,Hotel,Inform,3.0,768,14,3.0,Medium,Inform,3
17655,17655,SYSTEM,What is your destination?,Train-Request,,,,,,Train,Request,,769,13,,Medium,Request,4
17692,17692,USER,What is the price?,Train-Request,3.0,3.0,3.0,,,Train,Request,3.0,771,10,3.0,Medium,Request,4
17708,17708,USER,Moderate price range please.,Restaurant-Inform,3.0,3.0,3.0,,,Restaurant,Inform,3.0,772,6,3.0,Medium,Inform,4
17765,17765,SYSTEM,what about price range?,Restaurant-Request,,,,,,Restaurant,Request,,774,9,,Medium,Request,4
17766,17766,USER,that should be moderate,Restaurant-Inform,3.0,3.0,3.0,,,Restaurant,Inform,3.0,774,10,3.0,Medium,Inform,4
17768,17768,USER,Does it offer delivery?,,3.0,3.0,3.0,,,,,3.0,774,12,3.0,Medium,,4
17774,17774,USER,Tuesday at... oh... 16:45.,Restaurant-Inform,3.0,3.0,3.0,,,Restaurant,Inform,3.0,774,18,3.0,Medium,Inform,4
17804,17804,USER,How about Portuguese?,Restaurant-Inform,3.0,3.0,3.0,3.0,,Restaurant,Inform,3.0,776,6,3.0,Medium,Inform,3
17820,17820,USER,Cheap price please.,,3.0,3.0,3.0,3.0,,,,3.0,776,22,3.0,Medium,,3
17893,17893,SYSTEM,"yes, it is 01223365454",,,,,,,,,,779,19,,Medium,,4
17902,17902,USER,"North Indian, if possible.",Restaurant-Inform,2.0,3.0,3.0,3.0,,Restaurant,Inform,2.75,780,6,2.709,Low,Inform,4
17981,17981,SYSTEM,It is a museum.,Attraction-Inform,,,,,,Attraction,Inform,,783,15,,Medium,Inform,4
17982,17982,USER,What is the postcode?,,3.0,3.0,3.0,,,,,3.0,783,16,3.0,Medium,,4
17994,17994,USER,I don't care.,,3.0,2.0,3.0,,,,,2.67,784,4,2.667,Low,,3
18034,18034,USER,"Ok, that sounds great.",,3.0,4.0,4.0,,,,,3.67,785,26,3.667,High,,4
18044,18044,USER,"Yes, four star please.",Hotel-Inform,3.0,3.0,4.0,3.0,,Hotel,Inform,3.25,786,4,3.291,High,Inform,4
18140,18140,USER,"i need expensive, please.",Restaurant-Inform,3.0,3.0,3.0,3.0,2.0,Restaurant,Inform,2.8,790,6,2.984,Medium,Inform,4
18144,18144,USER,Will they take Visa?,,3.0,3.0,3.0,3.0,3.0,,,3.0,790,10,3.0,Medium,,4
18149,18149,SYSTEM,Okay! From Cambridge?,Train-OfferBook,,,,,,Train,OfferBook,,790,15,,Medium,OfferBook,3
18158,18158,USER,Is WiFi available?,,3.0,3.0,3.0,3.0,3.0,,,3.0,790,24,3.0,Medium,,3
18176,18176,USER,Do they accept Visa?,,3.0,3.0,3.0,,,,,3.0,791,12,3.0,Medium,,4
18195,18195,SYSTEM,cb58bs jesus lane,Attraction-Inform,,,,,,Attraction,Inform,,792,5,,Medium,Inform,3
18204,18204,USER,Does it have wifi?,Hotel-Inform,2.0,3.0,3.0,,,Hotel,Inform,2.67,792,14,2.667,Low,Inform,4
18258,18258,USER,How about 3 nights?,Hotel-Inform,3.0,2.0,3.0,,,Hotel,Inform,2.67,794,16,2.667,Low,Inform,4
18278,18278,USER,What about colleges?,Attraction-Inform,2.0,2.0,2.0,,,Attraction,Inform,2.0,795,2,2.0,Low,Inform,3
18303,18303,SYSTEM,For how many people?,Train-Request,,,,,,Train,Request,,796,5,,Medium,Request,4
18346,18346,USER,Do they have internet?,Hotel-Request,3.0,2.0,3.0,3.0,,Hotel,Request,2.75,798,4,2.709,Low,Request,4
18412,18412,USER,Okay how about 12:30?,,3.0,3.0,3.0,,,,,3.0,801,4,3.0,Medium,,4
18441,18441,SYSTEM,In what area?,Restaurant-Request,,,,,,Restaurant,Request,,802,9,,Medium,Request,3
18522,18522,USER,I don't care.,,3.0,2.0,3.0,,,,,2.67,806,2,2.667,Low,,3
18550,18550,USER,Just one ticket please.,Train-Inform,3.0,2.0,3.0,,,Train,Inform,2.67,807,16,2.667,Low,Inform,4
18614,18614,USER,I have no preference.,,2.0,3.0,3.0,,,,,2.67,810,16,2.667,Low,,4
18620,18620,USER,Saturday or tuesday.,Hotel-Inform,3.0,3.0,3.0,,,Hotel,Inform,3.0,810,22,3.0,Medium,Inform,3
18626,18626,USER,I want five nights.,Hotel-Inform,3.0,3.0,3.0,,,Hotel,Inform,3.0,810,28,3.0,Medium,Inform,4
18645,18645,SYSTEM,It arrives at 7:35.,Train-Inform,,,,,,Train,Inform,,811,11,,Medium,Inform,4
18666,18666,USER,Does Ask take AMEX?,,3.0,3.0,3.0,,,,,3.0,812,10,3.0,Medium,,4
18700,18700,USER,The area doesn't matter.,,3.0,4.0,3.0,3.0,,,,3.25,814,4,3.291,High,,4
18886,18886,USER,What is the price?,Train-Request,3.0,3.0,3.0,,,Train,Request,3.0,822,10,3.0,Medium,Request,4
18982,18982,USER,Do they serve alcohol,,3.0,3.0,3.0,3.0,,,,3.0,827,6,3.0,Medium,,4
19056,19056,USER,No I do not.,,2.0,2.0,2.0,3.0,,,,2.25,830,12,2.126,Low,,4
19271,19271,SYSTEM,no information found,Restaurant-NoOffer,,,,,,Restaurant,NoOffer,,839,1,,Medium,NoOffer,3
19359,19359,SYSTEM,it's considered a museum.,Attraction-Inform,,,,,,Attraction,Inform,,844,5,,Medium,Inform,4
19396,19396,USER,i dont mind either.,,3.0,3.0,3.0,,,,,3.0,845,12,3.0,Medium,,4
19438,19438,USER,What's the entrance fee?,Attraction-Request,3.0,3.0,3.0,3.0,3.0,Attraction,Request,3.0,847,14,3.0,Medium,Request,4
19439,19439,SYSTEM,It would be 3.50.,Attraction-Inform,,,,,,Attraction,Inform,,847,15,,Medium,Inform,4
19492,19492,USER,the hotel by 14:45.,Hotel-Inform,3.0,2.0,3.0,,,Hotel,Inform,2.67,849,26,2.667,Low,Inform,4
19495,19495,SYSTEM,There are not.,,,,,,,,,,850,1,,Medium,,3
19515,19515,SYSTEM,"Sorry, no matches found",Restaurant-NoOffer,,,,,,Restaurant,NoOffer,,851,1,,Medium,NoOffer,4
19518,19518,USER,Moderate price range,Restaurant-Inform,3.0,3.0,3.0,,,Restaurant,Inform,3.0,851,4,3.0,Medium,Inform,3
19520,19520,USER,I don't care,,3.0,2.0,3.0,,,,,2.67,851,6,2.667,Low,,3
19552,19552,USER,How about 4 nights?,Hotel-Inform,3.0,2.0,2.0,,,Hotel,Inform,2.33,852,18,2.333,Low,Inform,4
19568,19568,USER,"Sure. Same parameters, please.",,3.0,3.0,4.0,,,,,3.33,853,14,3.333,High,,4
19610,19610,USER,Swimming would be fine.,Attraction-Inform,3.0,3.0,3.0,,,Attraction,Inform,3.0,855,10,3.0,Medium,Inform,4
19670,19670,USER,Is there live music?,,3.0,3.0,3.0,,,,,3.0,858,8,3.0,Medium,,4
19672,19672,USER,"Sure, let's do that.",,3.0,3.0,3.0,,,,,3.0,858,10,3.0,Medium,,4
19687,19687,SYSTEM,"Sorry, nothing before 12:01",,,,,,,,,,859,11,,Medium,,4
19698,19698,USER,Just give me one.,Train-Inform,3.0,3.0,3.0,3.0,,Train,Inform,3.0,859,22,3.0,Medium,Inform,4
19774,19774,USER,How about a college?,Attraction-Inform,3.0,2.0,3.0,,,Attraction,Inform,2.67,862,12,2.667,Low,Inform,4
19855,19855,SYSTEM,They serve turkish food.,Restaurant-Inform,,,,,,Restaurant,Inform,,866,9,,Medium,Inform,4
19876,19876,USER,Is there a lift?,,2.0,2.0,4.0,2.0,,,,2.5,867,12,2.582,Low,,4
19914,19914,USER,"How about Indian, instead?",Restaurant-Inform,3.0,3.0,3.0,4.0,3.0,Restaurant,Inform,3.2,868,2,3.124,Medium,Inform,4
19922,19922,USER,The area doesn't matter.,,3.0,3.0,3.0,4.0,3.0,,,3.2,868,10,3.124,Medium,,4
19944,19944,USER,"Yes, please.",,3.0,3.0,3.0,,,,,3.0,869,8,3.0,Medium,,2
19974,19974,USER,Let's try Italian food.,Restaurant-Inform,3.0,3.0,3.0,4.0,3.0,Restaurant,Inform,3.2,870,14,3.124,Medium,Inform,4
19980,19980,USER,How about wednesday?,Restaurant-Inform,3.0,3.0,3.0,4.0,3.0,Restaurant,Inform,3.2,870,20,3.124,Medium,Inform,3
20034,20034,USER,has it free parking?,Hotel-Inform,3.0,3.0,2.0,3.0,,Hotel,Inform,2.75,873,8,2.709,Low,Inform,4
20042,20042,USER,Just one please.,,3.0,3.0,2.0,2.0,,,,2.5,873,16,2.582,Low,,3
20055,20055,SYSTEM,Where are you going?,Taxi-Request,,,,,,Taxi,Request,,873,29,,Medium,Request,4
20194,20194,USER,I am all set.,,3.0,2.0,3.0,,,,,2.67,878,26,2.667,Low,,4
20212,20212,USER,Is there housekeeping everyday?,,3.0,3.0,3.0,,,,,3.0,879,16,3.0,Medium,,4
20250,20250,USER,"No, price doesn't matter.",,3.0,2.0,3.0,3.0,,,,2.75,881,2,2.709,Low,,4
20329,20329,SYSTEM,How many people?,Booking-Request,,,,,,Booking,Request,,884,13,,Medium,Request,3
20340,20340,USER,the moderately priced one,Restaurant-Inform,3.0,3.0,3.0,3.0,,Restaurant,Inform,3.0,884,24,3.0,Medium,Inform,4
20344,20344,USER,at 12:00 on Sunday.,Restaurant-Inform,3.0,3.0,3.0,3.0,,Restaurant,Inform,3.0,884,28,3.0,Medium,Inform,4
20402,20402,USER,"Yes, try that.",,2.0,2.0,4.0,2.0,,,,2.5,887,10,2.582,Low,,3
20448,20448,USER,How about 2 nights?,Hotel-Inform,3.0,3.0,3.0,,,Hotel,Inform,3.0,889,10,3.0,Medium,Inform,4
20510,20510,USER,"Ok, that sounds great.",,4.0,4.0,4.0,,,,,4.0,891,16,4.0,High,,4
20536,20536,USER,are there any guesthouses?,,3.0,3.0,2.0,3.0,,,,2.75,892,16,2.709,Low,,4
20562,20562,USER,Can you try 18:15?,Restaurant-Inform,3.0,2.0,2.0,,,Restaurant,Inform,2.33,893,12,2.333,Low,Inform,4
20601,20601,SYSTEM,you are welcome,general-welcome,,,,,,general,welcome,,894,27,,Medium,welcome,3
20734,20734,USER,"Cheap price range, please!",,3.0,3.0,3.0,3.0,,,,3.0,900,2,3.0,Medium,,4
20740,20740,USER,Please try for 12:30.,,3.0,3.0,3.0,3.0,,,,3.0,900,8,3.0,Medium,,4
20782,20782,USER,What about asian oriental?,Restaurant-Inform,3.0,3.0,3.0,2.0,,Restaurant,Inform,2.75,901,4,2.874,Medium,Inform,4
20784,20784,USER,Do they serve alcohol?,,3.0,2.0,3.0,3.0,,,,2.75,901,6,2.709,Low,,4
20834,20834,USER,Is this a guesthouse?,,3.0,3.0,4.0,3.0,,,,3.25,903,4,3.291,High,,4
20842,20842,USER,Yes please.,,3.0,3.0,3.0,3.0,,,,3.0,903,12,3.0,Medium,,2
20848,20848,USER,Yes please try again.,,2.0,2.0,4.0,2.0,,,,2.5,903,18,2.582,Low,,4
20852,20852,USER,I'm thinking a museum.,Attraction-Inform,3.0,3.0,3.0,3.0,,Attraction,Inform,3.0,903,22,3.0,Medium,Inform,4
20878,20878,USER,Do they offer delivery?,,3.0,2.0,3.0,3.0,,,,2.75,905,6,2.709,Low,,4
20890,20890,USER,How about Cambridge Arts?,,3.0,2.0,3.0,3.0,,,,2.75,905,18,2.709,Low,,4
20920,20920,USER,Are there vegetarian options?,,3.0,2.0,3.0,3.0,,,,2.75,906,18,2.709,Low,,4
20934,20934,USER,Cambridge,Train-Inform,2.0,3.0,3.0,,,Train,Inform,2.67,907,8,2.667,Low,Inform,1
20946,20946,USER,I don't care.,,2.0,3.0,3.0,,,,,2.67,908,2,2.667,Low,,3
20962,20962,USER,Is it moderately priced?,Restaurant-Inform,3.0,3.0,3.0,4.0,,Restaurant,Inform,3.25,909,2,3.126,Medium,Inform,4
20986,20986,USER,Can you try Chinese?,Restaurant-Inform,2.0,3.0,3.0,,,Restaurant,Inform,2.67,910,4,2.667,Low,Inform,4
21036,21036,USER,Is there anything else?,,3.0,3.0,3.0,,,,,3.0,912,2,3.0,Medium,,4
21041,21041,SYSTEM,The Nirala serves Indian,Restaurant-Inform,,,,,,Restaurant,Inform,,912,7,,Medium,Inform,4
21060,21060,USER,id love to book!,,4.0,3.0,3.0,,,,,3.33,913,8,3.333,High,,4
21088,21088,USER,Are there any museums?,Attraction-Inform,3.0,3.0,3.0,,,Attraction,Inform,3.0,914,2,3.0,Medium,Inform,4
21193,21193,SYSTEM,I can suggest allenbell.,Hotel-Recommend,,,,,,Hotel,Recommend,,918,3,,Medium,Recommend,4
21196,21196,USER,is it expensive?,,3.0,2.0,3.0,2.0,,,,2.5,918,6,2.582,Low,,3
21197,21197,SYSTEM,no quite cheap actually,Hotel-Inform,,,,,,Hotel,Inform,,918,7,,Medium,Inform,4
21225,21225,SYSTEM,I'm ready.,,,,,,,,,,919,1,,Medium,,2
21332,21332,USER,Do they deliver?,,3.0,3.0,3.0,3.0,,,,3.0,923,16,3.0,Medium,,3
21398,21398,USER,Could you try Wednesday?,Restaurant-Inform,3.0,3.0,2.0,,,Restaurant,Inform,2.67,926,18,2.667,Low,Inform,4
21400,21400,USER,How about 12:00?,Restaurant-Inform,3.0,3.0,2.0,,,Restaurant,Inform,2.67,926,20,2.667,Low,Inform,3
21416,21416,USER,i don't care.,,3.0,2.0,3.0,3.0,2.0,,,2.6,927,12,2.697,Low,,3
21536,21536,USER,How about Italian food?,Restaurant-Inform,3.0,3.0,3.0,,,Restaurant,Inform,3.0,932,20,3.0,Medium,Inform,4
21612,21612,USER,Do they serve alcohol?,,3.0,3.0,3.0,,,,,3.0,936,2,3.0,Medium,,4
21665,21665,SYSTEM,TR2941 arrives at 10:01.,Train-Inform,,,,,,Train,Inform,,939,3,,Medium,Inform,4
21742,21742,USER,Do they allow children?,,3.0,3.0,3.0,,,,,3.0,942,8,3.0,Medium,,4
21758,21758,USER,I don't need parking.,Hotel-Inform,2.0,3.0,3.0,,,Hotel,Inform,2.67,943,2,2.667,Low,Inform,4
21800,21800,USER,"No, I am not.",,3.0,3.0,3.0,2.0,,,,2.75,945,2,2.874,Medium,,4
21846,21846,USER,4 star please,Hotel-Inform,3.0,4.0,3.0,3.0,3.0,Hotel,Inform,3.2,946,24,3.286,Medium,Inform,3
21870,21870,USER,Yes I would please.,,4.0,3.0,3.0,,,,,3.33,947,14,3.333,High,,4
21904,21904,USER,What about delivery?,,3.0,3.0,3.0,4.0,,,,3.25,949,8,3.126,Medium,,3
21929,21929,SYSTEM,They are moderately priced,Restaurant-Inform,,,,,,Restaurant,Inform,,950,13,,Medium,Inform,4
21965,21965,SYSTEM,What type of attraction?,Attraction-Request,,,,,,Attraction,Request,,952,7,,Medium,Request,4
21970,21970,USER,"mediterranean, please.",Restaurant-Inform,2.0,3.0,3.0,,,Restaurant,Inform,2.67,952,12,2.667,Low,Inform,2
22028,22028,USER,Does it have wifi?,Hotel-Inform,2.0,3.0,3.0,3.0,,Hotel,Inform,2.75,955,4,2.709,Low,Inform,4
22038,22038,USER,"Try british food, please.",Restaurant-Inform,3.0,3.0,3.0,2.0,,Restaurant,Inform,2.75,955,14,2.874,Medium,Inform,4
22106,22106,USER,I don't care.,,2.0,3.0,3.0,,,,,2.67,958,4,2.667,Low,,3
22130,22130,USER,Do they have parking?,Hotel-Request,2.0,3.0,3.0,3.0,,Hotel,Request,2.75,959,10,2.709,Low,Request,4
22349,22349,SYSTEM,Do you need parking?,Hotel-Request,,,,,,Hotel,Request,,967,21,,Medium,Request,4
22418,22418,USER,Maybe fifteen minutes earlier?,,3.0,2.0,3.0,,,,,2.67,970,16,2.667,Low,,4
22420,22420,USER,Let's try 13:30 please.,Restaurant-Inform,3.0,2.0,2.0,,,Restaurant,Inform,2.33,970,18,2.333,Low,Inform,4
22654,22654,USER,Great. That will work.,,3.0,3.0,5.0,3.0,,,,3.5,980,6,3.582,High,,4
22700,22700,USER,Maybe the south?,Hotel-Inform,3.0,4.0,3.0,,,Hotel,Inform,3.33,982,4,3.333,High,Inform,3
22712,22712,USER,Is smoking allowed there?,,3.0,4.0,3.0,,,,,3.33,982,16,3.333,High,,4
22808,22808,USER,Do they have internet?,Hotel-Request,3.0,3.0,3.0,3.0,,Hotel,Request,3.0,986,16,3.0,Medium,Request,4
22852,22852,USER,I do not care.,Restaurant-Inform,2.0,2.0,3.0,2.0,3.0,Restaurant,Inform,2.4,989,2,2.303,Low,Inform,4
22884,22884,USER,just one person,Hotel-Inform,3.0,2.0,3.0,3.0,,Hotel,Inform,2.75,990,16,2.709,Low,Inform,3
22906,22906,USER,Do they offer BYOB?,,3.0,4.0,3.0,3.0,3.0,,,3.2,991,12,3.286,Medium,,4
22919,22919,SYSTEM,Have a great trip.,general-bye,,,,,,general,bye,,991,25,,Medium,bye,4
22955,22955,SYSTEM,For how many people?,Train-Request,,,,,,Train,Request,,993,15,,Medium,Request,4
22980,22980,USER,I don't care.,,3.0,3.0,3.0,,,,,3.0,994,4,3.0,Medium,,3
22982,22982,USER,I don't care,,2.0,3.0,2.0,,,,,2.33,994,6,2.333,Low,,3
22992,22992,USER,What is the postcode?,,3.0,3.0,3.0,,,,,3.0,994,16,3.0,Medium,,4
22996,22996,USER,"You, too.",,3.0,3.0,3.0,,,,,3.0,994,20,3.0,Medium,,2
